<selector xmlns:android="http://schemas.android.com/apk/res/android">

    <!--<item android:drawable="@drawable/red_scrubber_control_disabled_holo" android:state_enabled="false"/>
    <item android:drawable="@drawable/red_scrubber_control_pressed_holo" android:state_pressed="true"/>
    <item android:drawable="@drawable/red_scrubber_control_focused_holo" android:state_selected="true"/>
    <item android:drawable="@drawable/red_scrubber_control_normal_holo"/>-->

    <item android:drawable="@drawable/polzun" android:state_enabled="false"/>
    <item android:drawable="@drawable/polzun" android:state_pressed="true"/>
    <item android:drawable="@drawable/polzun" android:state_selected="true"/>
    <item android:drawable="@drawable/polzun"/>

</selector>